<?xml version="1.0" encoding="UTF-8"?>
<project-private xmlns="http://www.netbeans.org/ns/project-private/1">
    <editor-bookmarks xmlns="http://www.netbeans.org/ns/editor-bookmarks/2" lastBookmarkId="0"/>
    <open-files xmlns="http://www.netbeans.org/ns/projectui-open-files/2">
        <group>
            <file>file:/C:/Users/faria/Desktop/ProjetoAgenda/src/modelos/Telefone.java</file>
            <file>file:/C:/Users/faria/Desktop/ProjetoAgenda/src/modelos/Contato.java</file>
            <file>file:/C:/Users/faria/Desktop/ProjetoAgenda/src/persistencia/ContatoDao.java</file>
            <file>file:/C:/Users/faria/Desktop/ProjetoAgenda/src/visao/JFrame_Principal.java</file>
            <file>file:/C:/Users/faria/Desktop/ProjetoAgenda/src/modelos/Icrud.java</file>
            <file>file:/C:/Users/faria/Desktop/ProjetoAgenda/src/controle/Controle.java</file>
        </group>
    </open-files>
</project-private>
